HGNC ,Entrez Gene ID,Ensembl Gene IDs,Uniprot,Alternative Name,Kinbase classification,Kinase Classification
AAK1,22848,ENSG00000115977,,,Other : NAK : BIKE,Other
AATK,9625,ENSG00000181409,,,TK : Lmr,TK
ABL1,25,ENSG00000097007,,,TK : Abl,TK
ABL2,27,ENSG00000143322,,,TK : Abl,TK
ACVR1,90,ENSG00000115170,,,TKL : STKR : STKR1,TKL
ACVR1B,91,ENSG00000135503,,,TKL : STKR : STKR1,TKL
ACVR1C,130399,ENSG00000123612,,,TKL : STKR : STKR1,TKL
ACVR2A,92,ENSG00000121989,,,TKL : STKR : STKR2,TKL
ACVR2B,93,ENSG00000114739,,,TKL : STKR : STKR2,TKL
ACVRL1,94,ENSG00000139567,,,TKL : STKR : STKR1,TKL
ADCK1,57143,ENSG00000063761,,,Atypical : ABC1 : ABC1-B,Atypical
ADCK2,90956,ENSG00000133597,,,Atypical : ABC1 : ABC1-C,Atypical
ADCK3,56997,ENSG00000163050,,,Atypical : ABC1 : ABC1-A,Atypical
ADCK5,203054,ENSG00000173137,,,Atypical : ABC1 : ABC1-D,Atypical
ADRBK2,157,ENSG00000100077,,BARK2,AGC : GRK : BARK,AGC
AKT1,207,ENSG00000142208,Q9BV07_HUMAN,,AGC : Akt,AGC
AKT2,208,ENSG00000105221,,,AGC : Akt,AGC
AKT3,10000,ENSG00000117020,AKT3_HUMAN,,AGC : Akt,AGC
ALK,238,ENSG00000171094,,,TK : ALK,TK
ALPK1,80216,ENSG00000073331,,AlphaK3,Atypical : Alpha : Alpha-Unclassified,Atypical
ALPK2,115701,ENSG00000198796,,AlphaK2,Atypical : Alpha : Alpha-Unclassified,Atypical
ALPK3,57538,ENSG00000136383,,AlphaK1,Atypical : Alpha : Alpha-Unclassified,Atypical
AMHR2,269,ENSG00000135409,AMHR2_HUMAN,,TKL : STKR : STKR2,TKL
ANKK1,255239,ENSG00000170209,,,TKL : RIPK,TKL
ARAF,369,ENSG00000078061,Q5H9B2_HUMAN,,TKL : RAF : RAF,TKL
ATM,472,ENSG00000149311,,,Atypical : PIKK : ATM,Atypical
ATR,545,ENSG00000175054,,,Atypical : PIKK : ATR,Atypical
AURKA,6790,ENSG00000087586,,,Other : Aur,Other
AURKB,9212,ENSG00000178999,C7G533_HUMAN,,Other : Aur,Other
AURKC,6795,ENSG00000105146,,,Other : Aur,Other
AXL,558,ENSG00000167601,,,TK : Axl,TK
BCKDK,10295,ENSG00000103507,,,Atypical : PDHK : BCKDK,Atypical
BCR,613,ENSG00000186716,,,Atypical : BCR,Atypical
BLK,640,ENSG00000136573,,,TK : Src : SrcB,TK
BMP2K,55589,ENSG00000138756,,,Other : NAK : BIKE,Other
BMPR1A,657,ENSG00000107779,,,TKL : STKR : STKR1,TKL
BMPR1B,658,ENSG00000138696,,,TKL : STKR : STKR1,TKL
BMPR2,659,ENSG00000204217,,,TKL : STKR : STKR2,TKL
BMX,660,ENSG00000102010,,,TK : Tec,TK
BRAF,673,ENSG00000157764,,,TKL : RAF : RAF,TKL
BRD2,6046,ENSG00000204256,,,Atypical : BRD,Atypical
BRD3,8019,ENSG00000169925,BRD3_HUMAN,,Atypical : BRD,Atypical
BRD4,23476,ENSG00000141867,,,Atypical : BRD,Atypical
BRDT,676,ENSG00000137948,,,Atypical : BRD,Atypical
BRSK1,84446,ENSG00000160469,,,CAMK : CAMKL : BRSK,CAMK
BRSK2,9024,ENSG00000174672,,,CAMK : CAMKL : BRSK,CAMK
BTK,695,ENSG00000010671,,,TK : Tec,TK
BUB1,699,ENSG00000169679,,,Other : BUB,Other
BUB1B,701,ENSG00000156970,,,Other : BUB,Other
C9orf96,169436,ENSG00000198870,,,Other : SgK071,Other
CAMK1,8536,ENSG00000134072,,CAMK1a,CAMK : CAMK1,CAMK
CAMK1D,57118,ENSG00000183049,,,CAMK : CAMK1,CAMK
CAMK1G,57172,ENSG00000008118,,,CAMK : CAMK1,CAMK
CAMK2A,815,ENSG00000070808,,,CAMK : CAMK2,CAMK
CAMK2B,816,ENSG00000058404,A4D2J9_HUMAN,,CAMK : CAMK2,CAMK
CAMK2D,817,ENSG00000145349,,,CAMK : CAMK2,CAMK
CAMK2G,818,ENSG00000148660,,,CAMK : CAMK2,CAMK
CAMK4,814,ENSG00000152495,,,CAMK : CAMK1,CAMK
CAMKK1,84254,ENSG00000004660,,,Other : CAMKK : CAMKK-Meta,Other
CAMKK2,10645,ENSG00000110931,,,Other : CAMKK : CAMKK-Meta,Other
CAMKV,79012,ENSG00000164076,,VACAMKL,CAMK : CAMK-Unique,CAMK
CASK,8573,ENSG00000147044,,,CAMK : CASK,CAMK
CDC42BPA,8476,ENSG00000143776,,MRCKa,AGC : DMPK : GEK,AGC
CDC42BPB,9578,ENSG00000198752,,MRCKb,AGC : DMPK : GEK,AGC
CDC42BPG,55561,ENSG00000171219,,DMPK2,AGC : DMPK : GEK,AGC
CDC7,8317,ENSG00000097046,,,Other : CDC7,Other
CDK1,983,ENSG00000170312,,,CMGC : CDK : CDC2,CMGC
CDK10,8558,ENSG00000185324,Q15131-4,,CMGC : CDK : CDK10,CMGC
CDK11A,984,ENSG00000008128,,CDC2L2,CMGC : CDK : CDK11,CMGC
CDK11B,728642,ENSG00000248333,,CDC2L1,CMGC : CDK : CDK11,CMGC
CDK12,51755,ENSG00000167258,,,CMGC : CDK : CRK7,CMGC
CDK13,8621,ENSG00000065883,Q9BVE2_HUMAN,CDC2L5,CMGC : CDK : CRK7,CMGC
CDK14,5218,ENSG00000058091,,PFTK1,CMGC : CDK : PFTAIRE,CMGC
CDK15,65061,ENSG00000138395,CDK15_HUMAN,PFTK2,CMGC : CDK : PFTAIRE,CMGC
CDK16,5127,ENSG00000102225,CDK16_HUMAN,PCTK1,CMGC : CDK : PCTAIRE,CMGC
CDK17,5128,ENSG00000059758,,PCTK2,CMGC : CDK : PCTAIRE,CMGC
CDK18,5129,ENSG00000117266,,PCTK3,CMGC : CDK : PCTAIRE,CMGC
CDK19,23097,ENSG00000155111,,CDC2L6,CMGC : CDK : CDK8,CMGC
CDK2,1017,ENSG00000123374,CDK2_HUMAN,,CMGC : CDK : CDK2,CMGC
CDK20,23552,ENSG00000156345,,CCRK,CMGC : CDK : CCRK,CMGC
CDK3,1018,ENSG00000250506,,,CMGC : CDK : CDK2,CMGC
CDK4,1019,ENSG00000135446,Q6LC83_HUMAN,,CMGC : CDK : CDK4,CMGC
CDK5,1020,ENSG00000164885,Q6IAW3_HUMAN,,CMGC : CDK : CDK5,CMGC
CDK6,1021,ENSG00000105810,CDK6_HUMAN,,CMGC : CDK : CDK4,CMGC
CDK7,1022,ENSG00000134058,,,CMGC : CDK : CDK7,CMGC
CDK8,1024,ENSG00000132964,,,CMGC : CDK : CDK8,CMGC
CDK9,1025,ENSG00000136807,CDK9_HUMAN,,CMGC : CDK : CDK9,CMGC
CDKL1,8814,ENSG00000100490,,,CMGC : CDKL,CMGC
CDKL2,8999,ENSG00000138769,,,CMGC : CDKL,CMGC
CDKL3,51265,ENSG00000006837,,,CMGC : CDKL,CMGC
CDKL4,344387,ENSG00000205111,,,CMGC : CDKL,CMGC
CDKL5,6792,ENSG00000008086,,,CMGC : CDKL,CMGC
CHEK1,1111,ENSG00000149554,,CHK1,CAMK : CAMKL : CHK1,CAMK
CHEK2,11200,ENSG00000183765,,CHK2,CAMK : RAD53,CAMK
CHUK,1147,ENSG00000213341,Q59GT1_HUMAN,,Other : IKK,Other
CIT,11113,ENSG00000122966,,CRIK,AGC : DMPK : CRIK,AGC
CLK1,1195,ENSG00000013441,,,CMGC : CLK,CMGC
CLK2,1196,ENSG00000176444,,,CMGC : CLK,CMGC
CLK3,1198,ENSG00000179335,,,CMGC : CLK,CMGC
CLK4,57396,ENSG00000113240,,,CMGC : CLK,CMGC
COQ8B,79934,ENSG00000123815,,ADCK4,Atypical : ABC1 : ABC1-A,Atypical
CSF1R,1436,ENSG00000182578,,,TK : PDGFR,TK
CSK,1445,ENSG00000103653,,,TK : Csk,TK
CSNK1A1,1452,ENSG00000113712,,CK1a,CK1 : CK1 : CK1-A,CK1
CSNK1A1L,122011,ENSG00000180138,,CK1a2,CK1 : CK1 : CK1-A,CK1
CSNK1D,1453,ENSG00000141551,Q59FJ7_HUMAN,CK1d,CK1 : CK1 : CK1-G,CK1
CSNK1E,1454,ENSG00000213923,KC1E_HUMAN,CK1e,CK1 : CK1 : CK1-G,CK1
CSNK1G1,53944,ENSG00000169118,,CK1g1,CK1 : CK1 : CK1-G,CK1
CSNK1G2,1455,ENSG00000133275,,CK1g2,CK1 : CK1 : CK1-G,CK1
CSNK1G3,1456,ENSG00000151292,,CK1g3,CK1 : CK1 : CK1-G,CK1
CSNK2A1,1457,ENSG00000101266,Q5U5J2_HUMAN,,CMGC : CK2,CMGC
CSNK2A2,1459,ENSG00000070770,,,CMGC : CK2,CMGC
DAPK1,1612,ENSG00000196730,,,CAMK : DAPK : DAPK,CAMK
DAPK2,23604,ENSG00000035664,Q1RMF4_HUMAN,,CAMK : DAPK : DAPK,CAMK
DAPK3,1613,ENSG00000167657,DAPK3_HUMAN,,CAMK : DAPK : DAPK,CAMK
DCLK1,9201,ENSG00000133083,,,CAMK : DCAMKL,CAMK
DCLK2,166614,ENSG00000170390,,DCAMKL2,CAMK : DCAMKL,CAMK
DCLK3,85443,ENSG00000163673,,,CAMK : DCAMKL,CAMK
DDR1,780,ENSG00000204580,,,TK : DDR,TK
DDR2,4921,ENSG00000162733,,,TK : DDR,TK
DMPK,1760,ENSG00000104936,,DMPK1,AGC : DMPK : GEK,AGC
DSTYK,25778,ENSG00000133059,,,Other : Dusty,Other
DYRK1A,1859,ENSG00000157540,,,CMGC : DYRK : DYRK1,CMGC
DYRK1B,9149,ENSG00000105204,,,CMGC : DYRK : DYRK1,CMGC
DYRK2,8445,ENSG00000127334,,,CMGC : DYRK : DYRK2,CMGC
DYRK3,8444,ENSG00000143479,,,CMGC : DYRK : DYRK2,CMGC
DYRK4,8798,ENSG00000010219,DYRK4_HUMAN,,CMGC : DYRK : DYRK2,CMGC
EEF2K,29904,ENSG00000103319,EF2K_HUMAN,,Atypical : Alpha : eEF2K,Atypical
EGFR,1956,ENSG00000146648,EGFR_HUMAN,,TK : EGFR,TK
EIF2AK1,27102,ENSG00000086232,Q75MR0_HUMAN,,Other : PEK : HRI,Other
EIF2AK2,5610,ENSG00000055332,,PRKR,Other : PEK : PKR,Other
EIF2AK3,9451,ENSG00000172071,,,Other : PEK : PEK,Other
EIF2AK4,440275,ENSG00000128829,E2AK4_HUMAN,,Other : PEK : GCN2,Other
EPHA1,2041,ENSG00000146904,,,TK : Eph,TK
EPHA10,284656,ENSG00000183317,,,TK : Eph,TK
EPHA2,1969,ENSG00000142627,,,TK : Eph,TK
EPHA3,2042,ENSG00000044524,,,TK : Eph,TK
EPHA4,2043,ENSG00000116106,,,TK : Eph,TK
EPHA5,2044,ENSG00000145242,,,TK : Eph,TK
EPHA6,285220,ENSG00000080224,,,TK : Eph,TK
EPHA7,2045,ENSG00000135333,,,TK : Eph,TK
EPHA8,2046,ENSG00000070886,,,TK : Eph,TK
EPHB1,2047,ENSG00000154928,,,TK : Eph,TK
EPHB2,2048,ENSG00000133216,,,TK : Eph,TK
EPHB3,2049,ENSG00000182580,,,TK : Eph,TK
EPHB4,2050,ENSG00000196411,,,TK : Eph,TK
EPHB6,2051,ENSG00000106123,,,TK : Eph,TK
ERBB2,2064,ENSG00000141736,ERBB2_HUMAN,,TK : EGFR,TK
ERBB3,2065,ENSG00000065361,Q9NNX2_HUMAN,,TK : EGFR,TK
ERBB4,2066,ENSG00000178568,,,TK : EGFR,TK
ERN1,2081,ENSG00000178607,,,Other : IRE,Other
ERN2,10595,ENSG00000134398,,,Other : IRE,Other
FASTK,10922,ENSG00000164896,,,Atypical : FAST,Atypical
FER,2241,ENSG00000151422,,,TK : Fer,TK
FES,2242,ENSG00000182511,FES_HUMAN,,TK : Fer,TK
FGFR1,2260,ENSG00000077782,,,TK : FGFR,TK
FGFR2,2263,ENSG00000066468,,,TK : FGFR,TK
FGFR3,2261,ENSG00000068078,,,TK : FGFR,TK
FGFR4,2264,ENSG00000160867,,,TK : FGFR,TK
FGR,2268,ENSG00000000938,,,TK : Src : SrcA,TK
FLT1,2321,ENSG00000102755,,,TK : VEGFR,TK
FLT3,2322,ENSG00000122025,,,TK : PDGFR,TK
FLT4,2324,ENSG00000037280,,,TK : VEGFR,TK
FRK,2444,ENSG00000111816,,,TK : Src : Frk,TK
FYN,2534,ENSG00000010810,,,TK : Src : SrcA,TK
GAK,2580,ENSG00000178950,,,Other : NAK : GAK,Other
GRK1,6011,ENSG00000185974,,RHOK,AGC : GRK : GRK,AGC
GRK2,156,ENSG00000173020,ARBK1_HUMAN,ADRBK1/BARK1,AGC : GRK : BARK,AGC
GRK4,2868,ENSG00000125388,,GPRK4,AGC : GRK : GRK,AGC
GRK5,2869,ENSG00000198873,,GPRK5,AGC : GRK : GRK,AGC
GRK6,2870,ENSG00000198055,P43250-2,GPRK6,AGC : GRK : GRK,AGC
GRK7,131890,ENSG00000114124,,GPRK7,AGC : GRK : GRK,AGC
GSK3A,2931,ENSG00000105723,,,CMGC : GSK,CMGC
GSK3B,2932,ENSG00000082701,,,CMGC : GSK,CMGC
GUCY2C,2984,ENSG00000070019,,,RGC : RGC,RGC
GUCY2D,3000,ENSG00000132518,,,RGC : RGC,RGC
GUCY2F,2986,ENSG00000101890,,,RGC : RGC,RGC
HASPIN,83903,ENSG00000177602,,GSG2,Other : Haspin,Other
HCK,3055,ENSG00000101336,,,TK : Src : SrcB,TK
HIPK1,204851,ENSG00000163349,,,CMGC : DYRK : HIPK,CMGC
HIPK2,28996,ENSG00000064393,,,CMGC : DYRK : HIPK,CMGC
HIPK3,10114,ENSG00000110422,,,CMGC : DYRK : HIPK,CMGC
HIPK4,147746,ENSG00000160396,,,CMGC : DYRK : HIPK,CMGC
HSPB8,26353,ENSG00000152137,HSPB8_HUMAN,,not in kinbase,not in kinbase
HUNK,30811,ENSG00000142149,,,CAMK : CAMKL : HUNK,CAMK
ICK,22858,ENSG00000112144,B3KQG4_HUMAN,,CMGC : RCK : MAK,CMGC
IGF1R,3480,ENSG00000140443,,,TK : InsR,TK
IKBKB,3551,ENSG00000104365,Q59GL9_HUMAN,,Other : IKK,Other
IKBKE,9641,ENSG00000143466,IKKE_HUMAN,,Other : IKK,Other
ILK,3611,ENSG00000166333,Q59FP4_HUMAN,,TKL : MLK : ILK,TKL
INSR,3643,ENSG00000171105,,,TK : InsR,TK
INSRR,3645,ENSG00000027644,,,TK : InsR,TK
IRAK1,3654,ENSG00000184216,,,TKL : IRAK,TKL
IRAK2,3656,ENSG00000134070,,,TKL : IRAK,TKL
IRAK3,11213,ENSG00000090376,B4DQ57_HUMAN,,TKL : IRAK,TKL
IRAK4,51135,ENSG00000198001,,,TKL : IRAK,TKL
ITK,3702,ENSG00000113263,,,TK : Tec,TK
JAK1,3716,ENSG00000162434,,,TK : Jak,TK
JAK2,3717,ENSG00000096968,,,TK : Jak,TK
JAK3,3718,ENSG00000105639,,,TK : Jak,TK
KALRN,8997,ENSG00000160145,,TRIO,CAMK : Trio,CAMK
KDR,3791,ENSG00000128052,VGFR2_HUMAN,,TK : VEGFR,TK
KIAA1804,84451,ENSG00000143674,,,TKL : MLK : MLK,TKL
KIT,3815,ENSG00000157404,,,TK : PDGFR,TK
KSR1,8844,ENSG00000141068,,KSR,TKL : RAF : KSR,TKL
KSR2,283455,ENSG00000171435,KSR2_HUMAN,,TKL : RAF : KSR,TKL
LATS1,9113,ENSG00000131023,,,AGC : NDR : LATS,AGC
LATS2,26524,ENSG00000150457,,,AGC : NDR : LATS,AGC
LCK,3932,ENSG00000182866,Q573B4_HUMAN,,TK : Src : SrcB,TK
LIMK1,3984,ENSG00000106683,,,TKL : LISK : LIMK,TKL
LIMK2,3985,ENSG00000182541,,,TKL : LISK : LIMK,TKL
LMTK2,22853,ENSG00000164715,,,TK : Lmr,TK
LMTK3,114783,ENSG00000142235,,,TK : Lmr,TK
LRRK1,79705,ENSG00000154237,,,TKL : LRRK,TKL
LRRK2,120892,ENSG00000188906,,,TKL : LRRK,TKL
LTK,4058,ENSG00000062524,,,TK : ALK,TK
LYN,4067,ENSG00000254087,,,TK : Src : SrcB,TK
MAK,4117,ENSG00000111837,MAK_HUMAN,,CMGC : RCK : MAK,CMGC
MAP2K1,5604,ENSG00000169032,,,STE : STE7 : MEK1,STE
MAP2K2,5605,ENSG00000126934,,,STE : STE7 : MEK1,STE
MAP2K3,5606,ENSG00000034152,,,STE : STE7 : MEK3,STE
MAP2K4,6416,ENSG00000065559,,,STE : STE7 : MEK4,STE
MAP2K5,5607,ENSG00000137764,,,STE : STE7 : MEK5,STE
MAP2K6,5608,ENSG00000108984,,,STE : STE7 : MEK3,STE
MAP2K7,5609,ENSG00000076984,,,STE : STE7 : MEK7,STE
MAP3K1,4214,ENSG00000095015,,,STE : STE11 : MEKK1,STE
MAP3K10,4294,ENSG00000130758,,,TKL : MLK : MLK,TKL
MAP3K11,4296,ENSG00000173327,,,TKL : MLK : MLK,TKL
MAP3K12,7786,ENSG00000139625,,,TKL : MLK : LZK,TKL
MAP3K13,9175,ENSG00000073803,,,TKL : MLK : LZK,TKL
MAP3K14,9020,ENSG00000006062,,,STE : STE-Unique,STE
MAP3K15,389840,ENSG00000180815,,,STE : STE11 : ASK,STE
MAP3K19,80122,ENSG00000176601,,YSK4,STE : STE11 : MEKK15,STE
MAP3K2,10746,ENSG00000169967,,,STE : STE11 : MEKK2,STE
MAP3K20,51776,ENSG00000091436,MLTK_HUMAN,ZAK,TKL : MLK : ZAK,TKL
MAP3K3,4215,ENSG00000198909,,,STE : STE11 : MEKK2,STE
MAP3K4,4216,ENSG00000085511,,,STE : STE11 : MEKK4,STE
MAP3K5,4217,ENSG00000197442,,,STE : STE11 : ASK,STE
MAP3K6,9064,ENSG00000142733,,,STE : STE11 : ASK,STE
MAP3K7,6885,ENSG00000135341,Q5U0D0_HUMAN,,STE : STE11 : ASK,STE
MAP3K8,1326,ENSG00000107968,Q5T853_HUMAN,,STE : STE-Unique,STE
MAP3K9,293,ENSG00000006432,,,TKL : MLK : MLK,TKL
MAP4K1,11184,ENSG00000104814,,,STE : STE20 : KHS,STE
MAP4K2,5871,ENSG00000168067,,,STE : STE20 : KHS,STE
MAP4K3,8491,ENSG00000011566,,,STE : STE20 : KHS,STE
MAP4K4,9448,ENSG00000071054,,,STE : STE20 : MSN,STE
MAP4K5,11183,ENSG00000012983,,,STE : STE20 : KHS,STE
MAPK1,5594,ENSG00000100030,,,CMGC : MAPK : ERK1,CMGC
MAPK10,5602,ENSG00000109339,,,CMGC : MAPK : JNK,CMGC
MAPK11,5600,ENSG00000185386,,,CMGC : MAPK : p38,CMGC
MAPK12,6300,ENSG00000188130,,,CMGC : MAPK : p38,CMGC
MAPK13,5603,ENSG00000156711,,,CMGC : MAPK : p38,CMGC
MAPK14,1432,ENSG00000112062,,,CMGC : MAPK : p38,CMGC
MAPK15,225689,ENSG00000181085,,,CMGC : MAPK : ERK7,CMGC
MAPK3,5595,ENSG00000102882,,,CMGC : MAPK : ERK1,CMGC
MAPK4,5596,ENSG00000141639,,,CMGC : MAPK : ERK3,CMGC
MAPK6,5597,ENSG00000069956,,,CMGC : MAPK : ERK3,CMGC
MAPK7,5598,ENSG00000166484,,,CMGC : MAPK : ERK5,CMGC
MAPK8,5599,ENSG00000107643,Q308M2_HUMAN,,CMGC : MAPK : JNK,CMGC
MAPK9,5601,ENSG00000050748,,,CMGC : MAPK : JNK,CMGC
MAPKAPK2,9261,ENSG00000162889,,,CAMK : MAPKAPK : MK2,CAMK
MAPKAPK3,7867,ENSG00000114738,MAPK3_HUMAN,,CAMK : MAPKAPK : MK2,CAMK
MAPKAPK5,8550,ENSG00000089022,MAPK5_HUMAN,,CAMK : MAPKAPK : MK5,CAMK
MARK1,4139,ENSG00000116141,,,CAMK : CAMKL : MARK,CAMK
MARK2,2011,ENSG00000072518,,,CAMK : CAMKL : MARK,CAMK
MARK3,4140,ENSG00000075413,,,CAMK : CAMKL : MARK,CAMK
MARK4,57787,ENSG00000007047,,,CAMK : CAMKL : MARK,CAMK
MAST1,22983,ENSG00000105613,MAST1_HUMAN,,AGC : MAST : MAST,AGC
MAST2,23139,ENSG00000086015,,,AGC : MAST : MAST,AGC
MAST3,23031,ENSG00000099308,,,AGC : MAST : MAST,AGC
MAST4,375449,ENSG00000069020,,,AGC : MAST : MAST,AGC
MASTL,84930,ENSG00000120539,,,AGC : MAST : MASTL,AGC
MATK,4145,ENSG00000007264,,,TK : Csk,TK
MELK,9833,ENSG00000165304,,,CAMK : CAMKL : MELK,CAMK
MERTK,10461,ENSG00000153208,,,TK : Axl,TK
MET,4233,ENSG00000105976,,,TK : Met,TK
MINK1,50488,ENSG00000141503,,,STE : STE20 : MSN,STE
MKNK1,8569,ENSG00000079277,,MNK1,CAMK : MAPKAPK : MNK,CAMK
MKNK2,2872,ENSG00000099875,,MNK2,CAMK : MAPKAPK : MNK,CAMK
MLKL,197259,ENSG00000168404,,,TKL : TKL-Unique,TKL
MOK,5891,ENSG00000080823,,RAGE,CMGC : RCK : MOK,CMGC
MOS,4342,ENSG00000172680,MOS_HUMAN,,Other : MOS,Other
MST1R,4486,ENSG00000164078,,,TK : Met,TK
MTOR,2475,ENSG00000198793,,FRAP,Atypical : PIKK : FRAP,Atypical
MUSK,4593,ENSG00000030304,MUSK_HUMAN,,TK : Musk,TK
MYLK,4638,ENSG00000065534,,smMLCK,CAMK : MLCK,CAMK
MYLK2,85366,ENSG00000101306,,skMLCK,CAMK : MLCK,CAMK
MYLK3,91807,ENSG00000140795,,caMLCK,CAMK : MLCK,CAMK
MYLK4,340156,ENSG00000145949,,SGK085,CAMK : MLCK,CAMK
MYO3A,53904,ENSG00000095777,,,STE : STE20 : NinaC,STE
MYO3B,140469,ENSG00000071909,,,STE : STE20 : NinaC,STE
NEK1,4750,ENSG00000137601,,,Other : NEK : NEK1,Other
NEK10,152110,ENSG00000163491,,,Other : NEK : NEK10,Other
NEK11,79858,ENSG00000114670,,,Other : NEK : NEK11,Other
NEK2,4751,ENSG00000117650,,,Other : NEK : NEK2,Other
NEK3,4752,ENSG00000136098,,,Other : NEK : NEK1,Other
NEK4,6787,ENSG00000114904,,,Other : NEK : NEK4,Other
NEK5,341676,ENSG00000197168,,,Other : NEK : NEK1,Other
NEK6,10783,ENSG00000119408,,,Other : NEK : NEK6,Other
NEK7,140609,ENSG00000151414,,,Other : NEK : NEK6,Other
NEK8,284086,ENSG00000160602,,,Other : NEK : NEK8,Other
NEK9,91754,ENSG00000119638,,,Other : NEK : NEK9,Other
NIM1K,167359,ENSG00000177453,,NIM1/MCG42105,CAMK : CAMKL : NIM1,CAMK
NLK,51701,ENSG00000087095,,,CMGC : MAPK : nmo,CMGC
NPR1,4881,ENSG00000169418,,,RGC : RGC,RGC
NPR2,4882,ENSG00000159899,,,RGC : RGC,RGC
NRBP1,29959,ENSG00000115216,,,Other : NRBP,Other
NRBP2,340371,ENSG00000185189,,,Other : NRBP,Other
NRK,203447,ENSG00000123572,,,STE : STE20 : MSN,STE
NTRK1,4914,ENSG00000198400,,,TK : Trk,TK
NTRK2,4915,ENSG00000148053,Q548C2_HUMAN,,TK : Trk,TK
NTRK3,4916,ENSG00000140538,,,TK : Trk,TK
NUAK1,9891,ENSG00000074590,,,CAMK : CAMKL : NuaK,CAMK
NUAK2,81788,ENSG00000163545,,,CAMK : CAMKL : NuaK,CAMK
OBSCN,84033,ENSG00000154358,,,CAMK : Trio,CAMK
OXSR1,9943,ENSG00000172939,OXSR1_HUMAN,,STE : STE20 : FRAY,STE
PAK1,5058,ENSG00000149269,,,STE : STE20 : PAKA,STE
PAK2,5062,ENSG00000180370,,,STE : STE20 : PAKA,STE
PAK3,5063,ENSG00000077264,,,STE : STE20 : PAKA,STE
PAK4,10298,ENSG00000130669,PAK4_HUMAN,,STE : STE20 : PAKB,STE
PAK5,57144,ENSG00000101349,,PAK7,STE : STE20 : PAKB,STE
PAK6,56924,ENSG00000137843,,,STE : STE20 : PAKB,STE
PAN3,255967,ENSG00000152520,,,Other : PAN3,Other
PASK,23178,ENSG00000115687,,,CAMK : CAMKL : PASK,CAMK
PBK,55872,ENSG00000168078,,,Other : TOPK,Other
PDGFRA,5156,ENSG00000134853,,,TK : PDGFR,TK
PDGFRB,5159,ENSG00000113721,,,TK : PDGFR,TK
PDIK1L,149420,ENSG00000175087,PDK1L_HUMAN,,Other : NKF4,Other
PDK1,5163,ENSG00000152256,Q53R49_HUMAN,PDHK1,Atypical : PDHK : PDHK,Atypical
PDK2,5164,ENSG00000005882,,PDHK2,Atypical : PDHK : PDHK,Atypical
PDK3,5165,ENSG00000067992,,PDHK3,Atypical : PDHK : PDHK,Atypical
PDK4,5166,ENSG00000004799,,PDHK4,Atypical : PDHK : PDHK,Atypical
PDPK1,5170,ENSG00000140992,Q59EH6_HUMAN,,AGC : PDK1,AGC
PEAK1,79834,ENSG00000173517,,,Other : NKF3,Other
PHKG1,5260,ENSG00000164776,,,CAMK : PHK,CAMK
PHKG2,5261,ENSG00000156873,Q16221_HUMAN,,CAMK : PHK,CAMK
PIK3R4,30849,ENSG00000196455,,,Other : VPS15,Other
PIM1,5292,ENSG00000137193,PIM1_HUMAN,,CAMK : PIM,CAMK
PIM2,11040,ENSG00000102096,,,CAMK : PIM,CAMK
PIM3,415116,ENSG00000198355,,,CAMK : PIM,CAMK
PINK1,65018,ENSG00000158828,,,Other : NKF2,Other
PKDCC,91461,ENSG00000162878,,LOC91461,Other : SgK493,Other
PKMYT1,9088,ENSG00000127564,,,Other : WEE : Myt1,Other
PKN1,5585,ENSG00000123143,,,AGC : PKN,AGC
PKN2,5586,ENSG00000065243,PKN2_HUMAN,,AGC : PKN,AGC
PKN3,29941,ENSG00000160447,,,AGC : PKN,AGC
PLK1,5347,ENSG00000166851,,,Other : PLK : PLK1,Other
PLK2,10769,ENSG00000145632,,,Other : PLK : PLK2,Other
PLK3,1263,ENSG00000173846,,,Other : PLK : PLK2,Other
PLK4,10733,ENSG00000142731,,,Other : PLK : SAK,Other
PNCK,139728,ENSG00000130822,,CAMK1b,CAMK : CAMK1,CAMK
POMK,84197,ENSG00000185900,,SGK196,Other : Other-Unique,Other
PRAG1,157285,ENSG00000182319,,SGK223/DKFZp761P0423,Other : NKF3,Other
PRKAA1,5562,ENSG00000132356,Q13131-2,AMPKa1,CAMK : CAMKL : AMPK,CAMK
PRKAA2,5563,ENSG00000162409,,AMPKa2,CAMK : CAMKL : AMPK,CAMK
PRKACA,5566,ENSG00000072062,,PKACa,AGC : PKA,AGC
PRKACB,5567,ENSG00000142875,B2RB89_HUMAN,PKACb,AGC : PKA,AGC
PRKACG,5568,ENSG00000165059,,PKACg,AGC : PKA,AGC
PRKCA,5578,ENSG00000154229,,PKCa,AGC : PKC : PKCa,AGC
PRKCB,5579,ENSG00000166501,,PKCb,AGC : PKC : PKCa,AGC
PRKCD,5580,ENSG00000163932,,PKCd,AGC : PKC : PKCd,AGC
PRKCE,5581,ENSG00000171132,,PKCe,AGC : PKC : PKCh,AGC
PRKCG,5582,ENSG00000126583,,PKCg,AGC : PKC : PKCa,AGC
PRKCH,5583,ENSG00000027075,,PKCh,AGC : PKC : PKCh,AGC
PRKCI,5584,ENSG00000163558,KPCI_HUMAN,PKCi,AGC : PKC : PKCi,AGC
PRKCQ,5588,ENSG00000065675,,PKCt,AGC : PKC : PKCd,AGC
PRKCZ,5590,ENSG00000067606,,PKCz,AGC : PKC : PKCi,AGC
PRKD1,5587,ENSG00000184304,,PKD1,CAMK : PKD,CAMK
PRKD2,25865,ENSG00000105287,,PKD2,CAMK : PKD,CAMK
PRKD3,23683,ENSG00000115825,,PKD3,CAMK : PKD,CAMK
PRKDC,5591,ENSG00000253729,,DNAPK,Atypical : PIKK : DNAPK,Atypical
PRKG1,5592,ENSG00000185532,Q6P5T7_HUMAN,PKG1,AGC : PKG,AGC
PRKG2,5593,ENSG00000138669,,PKG2,AGC : PKG,AGC
PRKX,5613,ENSG00000183943,,,AGC : PKA,AGC
PRKY,5616,ENSG00000099725,,,AGC : PKA,AGC
PRPF4B,8899,ENSG00000112739,,,CMGC : DYRK : PRP4,CMGC
PSKH1,5681,ENSG00000159792,,,CAMK : PSK,CAMK
PSKH2,85481,ENSG00000147613,KPSH2_HUMAN,,CAMK : PSK,CAMK
PTK2,5747,ENSG00000169398,,,TK : FAK,TK
PTK2B,2185,ENSG00000120899,,,TK : FAK,TK
PTK6,5753,ENSG00000101213,,,TK : Src : SRM,TK
PTK7,5754,ENSG00000112655,,,TK : CCK4,TK
PXK,54899,ENSG00000168297,PXK_HUMAN,,Other : Slob,Other
RAF1,5894,ENSG00000132155,RAF1_HUMAN,,TKL : RAF : RAF,TKL
RET,5979,ENSG00000165731,Q15850_HUMAN,,TK : Ret,TK
RIOK1,83732,ENSG00000124784,,,Atypical : RIO : RIO1,Atypical
RIOK2,55781,ENSG00000058729,,,Atypical : RIO : RIO2,Atypical
RIOK3,8780,ENSG00000101782,,,Atypical : RIO : RIO3,Atypical
RIPK1,8737,ENSG00000137275,,,TKL : RIPK,TKL
RIPK2,8767,ENSG00000104312,,,TKL : RIPK,TKL
RIPK3,11035,ENSG00000129465,,,TKL : RIPK,TKL
RIPK4,54101,ENSG00000183421,,,TKL : RIPK,TKL
RNASEL,6041,ENSG00000135828,,,Other : Other-Unique,Other
ROCK1,6093,ENSG00000067900,,,AGC : DMPK : ROCK,AGC
ROCK2,9475,ENSG00000134318,,,AGC : DMPK : ROCK,AGC
ROR1,4919,ENSG00000185483,,,TK : Ror,TK
ROR2,4920,ENSG00000169071,,,TK : Ror,TK
ROS1,6098,ENSG00000047936,,Ros,TK : Sev,TK
RPS6KA1,6195,ENSG00000117676,,RSK3,AGC : RSK : RSKp90,AGC
RPS6KA2,6196,ENSG00000071242,,RSK1,AGC : RSK : RSKp90,AGC
RPS6KA3,6197,ENSG00000177189,,RSK2,AGC : RSK : RSKp90,AGC
RPS6KA4,8986,ENSG00000162302,,MSK2,AGC : RSK : MSK,AGC
RPS6KA5,9252,ENSG00000100784,,MSK1,AGC : RSK : MSK,AGC
RPS6KA6,27330,ENSG00000072133,,RSK4,AGC : RSK : RSKp90,AGC
RPS6KB1,6198,ENSG00000108443,,p70S6k,AGC : RSK : RSKp70,AGC
RPS6KB2,6199,ENSG00000175634,,p70S6kb,AGC : RSK : RSKp70,AGC
RPS6KC1,26750,ENSG00000136643,,RSKL1,AGC : RSKL,AGC
RPS6KL1,83694,ENSG00000198208,,RSKL2,AGC : RSKL,AGC
RYK,6259,ENSG00000163785,,,TK : Ryk,TK
SBK1,388228,ENSG00000188322,,,Other : NKF1,Other
SBK2,646643,ENSG00000187550,,,Other : NKF1,Other
SCYL1,57410,ENSG00000142186,,,Other : SCY1,Other
SCYL2,55681,ENSG00000136021,,,Other : SCY1,Other
SCYL3,57147,ENSG00000000457,PACE1_HUMAN,,Other : SCY1,Other
SGK1,6446,ENSG00000118515,,,AGC : SGK,AGC
SGK110,100130827,ENSG00000231274,,,Other : NKF1,Other
SGK2,10110,ENSG00000101049,,,AGC : SGK,AGC
SGK3,23678,ENSG00000104205,,,AGC : SGK,AGC
SGK494,124923,ENSG00000167524,,FLJ25006,AGC : RSKR,AGC
SIK1,150094,ENSG00000142178,,SIK,CAMK : CAMKL : QIK,CAMK
SIK2,23235,ENSG00000170145,,QIK,CAMK : CAMKL : QIK,CAMK
SIK3,23387,ENSG00000160584,,QSK,CAMK : CAMKL : QIK,CAMK
SLK,9748,ENSG00000065613,,,STE : STE20 : SLK,STE
SMG1,23049,ENSG00000157106,,,Atypical : PIKK : SMG1,Atypical
SNRK,54861,ENSG00000163788,,,CAMK : CAMKL : SNRK,CAMK
SPEG,10290,ENSG00000072195,,,CAMK : Trio,CAMK
SRC,6714,ENSG00000197122,SRC_RSVSA,,TK : Src : SrcA,TK
SRMS,6725,ENSG00000125508,,,TK : Src : SRM,TK
SRPK1,6732,ENSG00000096063,,,CMGC : SRPK,CMGC
SRPK2,6733,ENSG00000135250,,,CMGC : SRPK,CMGC
SRPK3,26576,ENSG00000184343,,,CMGC : SRPK,CMGC
STK10,6793,ENSG00000072786,,,STE : STE20 : SLK,STE
STK11,6794,ENSG00000118046,STK11_HUMAN,LKB1,CAMK : CAMKL : LKB,CAMK
STK16,8576,ENSG00000115661,,,Other : NAK : MPSK,Other
STK17A,9263,ENSG00000164543,,DRAK1,CAMK : DAPK : DRAK,CAMK
STK17B,9262,ENSG00000081320,,DRAK2,CAMK : DAPK : DRAK,CAMK
STK19,8859,ENSG00000204344,,G11,Atypical : G11,Atypical
STK24,8428,ENSG00000102572,,,STE : STE20 : YSK,STE
STK25,10494,ENSG00000115694,,,STE : STE20 : YSK,STE
STK26,51765,ENSG00000134602,MST4/RP6-213H19.1,,STE : STE20 : YSK,STE
STK3,6788,ENSG00000104375,,,STE : STE20 : MST,STE
STK31,56164,ENSG00000196335,,,Other : Other-Unique,Other
STK32A,202374,ENSG00000169302,,YANK1,AGC : YANK,AGC
STK32B,55351,ENSG00000152953,,YANK2,AGC : YANK,AGC
STK32C,282974,ENSG00000165752,,YANK3,AGC : YANK,AGC
STK33,65975,ENSG00000130413,,,CAMK : STK33,CAMK
STK35,140901,ENSG00000125834,,,Other : NKF4,Other
STK36,27148,ENSG00000163482,,,Other : ULK : Fused,Other
STK38,11329,ENSG00000112079,Q9UPD3_HUMAN,NDR1,AGC : NDR : NDR,AGC
STK38L,23012,ENSG00000211455,ST38L_HUMAN,NDR2,AGC : NDR : NDR,AGC
STK39,27347,ENSG00000198648,,,STE : STE20 : FRAY,STE
STK4,6789,ENSG00000101109,,,STE : STE20 : MST,STE
STK40,83931,ENSG00000196182,,SGK495,CAMK : SgK495,CAMK
STRADA,92335,ENSG00000125695,,,STE : STE20 : STLK,STE
STRADB,55437,ENSG00000082146,,,STE : STE20 : STLK,STE
STYK1,55359,ENSG00000060140,,,TK : TK-Unique,TK
SYK,6850,ENSG00000165025,,,TK : Syk,TK
TAF1,6872,ENSG00000147133,,,Atypical : TAF1,Atypical
TAF1L,138474,ENSG00000122728,,,Atypical : TAF1,Atypical
TAOK1,57551,ENSG00000160551,,,STE : STE20 : TAO,STE
TAOK2,9344,ENSG00000149930,,,STE : STE20 : TAO,STE
TAOK3,51347,ENSG00000135090,,,STE : STE20 : TAO,STE
TBCK,93627,ENSG00000145348,,MGC16169,Other : TBCK,Other
TBK1,29110,ENSG00000183735,,,Other : IKK,Other
TEC,7006,ENSG00000135605,,,TK : Tec,TK
TEK,7010,ENSG00000120156,,,TK : Tie,TK
TESK1,7016,ENSG00000107140,,,TKL : LISK : TESK,TKL
TESK2,10420,ENSG00000070759,Q5T422_HUMAN,,TKL : LISK : TESK,TKL
TEX14,56155,ENSG00000121101,,,Other : NKF5,Other
TGFBR1,7046,ENSG00000106799,,,TKL : STKR : STKR1,TKL
TGFBR2,7048,ENSG00000163513,,,TKL : STKR : STKR2,TKL
TIE1,7075,ENSG00000066056,,,TK : Tie,TK
TLK1,9874,ENSG00000198586,,,Other : TLK,Other
TLK2,11011,ENSG00000146872,,,Other : TLK,Other
TNIK,23043,ENSG00000154310,,,STE : STE20 : MSN,STE
TNK1,8711,ENSG00000174292,,,TK : Ack,TK
TNK2,10188,ENSG00000061938,,,TK : Ack,TK
TNNI3K,51086,ENSG00000116783,,,TKL : MLK : HH498,TKL
TP53RK,112858,ENSG00000172315,,,Other : Bud32,Other
TRIB1,10221,ENSG00000173334,,TRB1,CAMK : Trbl,CAMK
TRIB2,28951,ENSG00000071575,TRIB2_HUMAN,TRB2,CAMK : Trbl,CAMK
TRIB3,57761,ENSG00000101255,,TRB3,CAMK : Trbl,CAMK
TRIM24,8805,ENSG00000122779,,TIF1A,Atypical : TIF1,Atypical
TRIM28,10155,ENSG00000130726,TIF1B_HUMAN,TIF1B,Atypical : TIF1,Atypical
TRIM33,51592,ENSG00000197323,,TIF1G,Atypical : TIF1,Atypical
TRIO,7204,ENSG00000038382,,,CAMK : Trio,CAMK
TRPM6,140803,ENSG00000119121,,ChaK2,Atypical : Alpha : ChaK,Atypical
TRPM7,54822,ENSG00000092439,,ChaK1,Atypical : Alpha : ChaK,Atypical
TRRAP,8295,ENSG00000196367,,,Atypical : PIKK : TRRAP,Atypical
TSSK1B,83942,ENSG00000212122,,TSSK1,CAMK : TSSK,CAMK
TSSK2,23617,ENSG00000206203,,,CAMK : TSSK,CAMK
TSSK3,81629,ENSG00000162526,,,CAMK : TSSK,CAMK
TSSK4,283629,ENSG00000139908,Q8IZN1_HUMAN,,CAMK : TSSK,CAMK
TSSK6,83983,ENSG00000178093,TSSK6_HUMAN,SSTK,CAMK : TSSK,CAMK
TTBK1,84630,ENSG00000146216,,,CK1 : TTBK,CK1
TTBK2,146057,ENSG00000128881,,,CK1 : TTBK,CK1
TTK,7272,ENSG00000112742,,,Other : TTK,Other
TTN,7273,ENSG00000155657,,,CAMK : MLCK,CAMK
TXK,7294,ENSG00000074966,,,TK : Tec,TK
TYK2,7297,ENSG00000105397,,,TK : Jak,TK
TYK2,7297,ENSG00000105397,,,TK : Jak,TK
TYRO3,7301,ENSG00000092445,,,TK : Axl,TK
UHMK1,127933,ENSG00000152332,,,Other : KIS,Other
ULK1,8408,ENSG00000177169,,,Other : ULK : ULK,Other
ULK2,9706,ENSG00000083290,,,Other : ULK : ULK,Other
ULK3,25989,ENSG00000140474,,,Other : ULK : ULK,Other
ULK4,54986,ENSG00000168038,,,Other : ULK : ULK,Other
VRK1,7443,ENSG00000100749,,,CK1 : VRK,CK1
VRK2,7444,ENSG00000028116,,,CK1 : VRK,CK1
VRK3,51231,ENSG00000105053,,,CK1 : VRK,CK1
WEE1,7465,ENSG00000166483,,,Other : WEE : WEE1,Other
WEE2,494551,ENSG00000214102,,,Other : WEE : WEE1,Other
WNK1,65125,ENSG00000060237,,,Other : WNK,Other
WNK2,65268,ENSG00000165238,,,Other : WNK,Other
WNK3,65267,ENSG00000196632,,,Other : WNK,Other
WNK4,65266,ENSG00000126562,,,Other : WNK,Other
YES1,7525,ENSG00000176105,YES_HUMAN,,TK : Src : SrcA,TK
ZAP70,7535,ENSG00000115085,ZAP70_HUMAN,,TK : Syk,TK
BAZ1A,11177,ENSG00000198604,,,Atypical : BAZ,Atypical
BAZ1B,9031,ENSG00000009954,,,Atypical : BAZ,Atypical
ABR,29,ENSG00000159842,,,Atypical : BCR,Atypical
BLVRA,644,ENSG00000106605,,,Atypical : BLVRA,Atypical
Col4A3BP,10087,ENSG00000113163,,,Atypical : Col4A3BP,Atypical
GTF2F1,2962,ENSG00000125651,,,Atypical : GTF2F1,Atypical
TRIM66,9866,ENSG00000166436,,TIF1D,Atypical : TIF1,Atypical
NME1,4830,ENSG00000239672,,,NDK : NDK,NDK
NME2,4831,ENSG00000011052,Q6FHN3_HUMAN,,NDK : NDK,NDK
NME3,4832,ENSG00000103024,,,NDK : NDK,NDK
NME4,4833,ENSG00000103202,,,NDK : NDK,NDK
NME5,8382,ENSG00000112981,,,NDK : NDK,NDK
NME6,10201,ENSG00000172113,,,NDK : NDK,NDK
NME7,29922,ENSG00000143156,,,NDK : NDK,NDK
TXNDC3,51314,ENSG00000086288,,,NDK : NDK,NDK
TXNDC6,347736,ENSG00000181322,,,NDK : NDK,NDK
FAM198A,729085,ENSG00000144649,,,PKL : FJ,PKL
FAM198B,51313,ENSG00000164125,,,PKL : FJ,PKL
FAM20A,54757,ENSG00000108950,,,PKL : FJ,PKL
FAM20B,9917,ENSG00000116199,,,PKL : FJ,PKL
FAM20C,56975,ENSG00000177706,,,PKL : FJ,PKL
FJX1,24147,ENSG00000179431,,,PKL : FJ,PKL
FASTKD1,79675,ENSG00000138399,,,not in kinbase,not in kinbase
ATP1A2,477,ENSG00000018625,,,not kinase,not kinase
FASTKD2,22868,ENSG00000118246,,,not in kinbase,not in kinbase
FASTKD5,60493,ENSG00000215251,,,not in kinbase,not in kinbase
RP2,6102,ENSG00000102218,,,not kinase,not kinase
